-- phpMyAdmin SQL Dump
-- version 4.2.11
-- http://www.phpmyadmin.net
--
-- Host: 127.0.0.1
-- Generation Time: Mar 17, 2017 at 11:51 PM
-- Server version: 5.6.21
-- PHP Version: 5.6.3

SET SQL_MODE = "NO_AUTO_VALUE_ON_ZERO";
SET time_zone = "+00:00";


/*!40101 SET @OLD_CHARACTER_SET_CLIENT=@@CHARACTER_SET_CLIENT */;
/*!40101 SET @OLD_CHARACTER_SET_RESULTS=@@CHARACTER_SET_RESULTS */;
/*!40101 SET @OLD_COLLATION_CONNECTION=@@COLLATION_CONNECTION */;
/*!40101 SET NAMES utf8 */;

--
-- Database: `ecommerce_online_mail_order_system`
--

-- --------------------------------------------------------

--
-- Table structure for table `customers`
--

CREATE TABLE IF NOT EXISTS `customers` (
`cno` bigint(5) NOT NULL,
  `fname` varchar(30) DEFAULT NULL,
  `lname` varchar(30) NOT NULL,
  `street` varchar(30) DEFAULT NULL,
  `phone` char(12) DEFAULT NULL,
  `email_address` varchar(100) NOT NULL,
  `password` varchar(40) NOT NULL
) ENGINE=InnoDB AUTO_INCREMENT=3 DEFAULT CHARSET=latin1;

--
-- Dumping data for table `customers`
--

INSERT INTO `customers` (`cno`, `fname`, `lname`, `street`, `phone`, `email_address`, `password`) VALUES
(1, 'Kwame', 'Kyei', 'Drake', '0243555555', 'kwame.kyei@gmail.com', '3fb3a7bc07ca37c018a74d0c4360f537'),
(2, 'Maame', 'Adjei', 'now', '0233333333', 'maame.adjei@gmail.com', '3fbaa95a0866ba86c4eb706c56b58b1b');

-- --------------------------------------------------------

--
-- Table structure for table `employees`
--

CREATE TABLE IF NOT EXISTS `employees` (
`eno` bigint(4) NOT NULL,
  `fname` varchar(30) DEFAULT NULL,
  `lname` varchar(30) NOT NULL,
  `email_address` varchar(100) NOT NULL,
  `phone_address` varchar(50) NOT NULL,
  `home_address` varchar(100) NOT NULL,
  `hdate` date DEFAULT NULL,
  `zip` decimal(5,0) DEFAULT NULL,
  `type` int(11) NOT NULL,
  `password` varchar(40) NOT NULL
) ENGINE=InnoDB AUTO_INCREMENT=4 DEFAULT CHARSET=latin1;

--
-- Dumping data for table `employees`
--

INSERT INTO `employees` (`eno`, `fname`, `lname`, `email_address`, `phone_address`, `home_address`, `hdate`, `zip`, `type`, `password`) VALUES
(2, 'Jeff', 'Sow', 'jeff.sow@gmail.com', '', '', '2017-01-03', '12345', 1, '7f15f1ad99c489dc0314952535e424d5'),
(3, 'Araba', 'Smith', 'araba.smith@gmail.com', '0244454454', '', '2016-04-13', '12345', 2, 'ddea43f0dc9019b300f1bb8fd0d74923');

-- --------------------------------------------------------

--
-- Table structure for table `employee type`
--

CREATE TABLE IF NOT EXISTS `employee type` (
`tno` int(11) NOT NULL,
  `type` varchar(30) NOT NULL
) ENGINE=InnoDB AUTO_INCREMENT=3 DEFAULT CHARSET=latin1;

--
-- Dumping data for table `employee type`
--

INSERT INTO `employee type` (`tno`, `type`) VALUES
(1, 'Regular'),
(2, 'Administrator');

-- --------------------------------------------------------

--
-- Table structure for table `odetails`
--

CREATE TABLE IF NOT EXISTS `odetails` (
  `ono` bigint(5) NOT NULL,
  `pno` bigint(5) NOT NULL,
  `qty` int(11) DEFAULT NULL,
  `date` date NOT NULL
) ENGINE=InnoDB DEFAULT CHARSET=latin1;

--
-- Dumping data for table `odetails`
--

INSERT INTO `odetails` (`ono`, `pno`, `qty`, `date`) VALUES
(91, 8, 5, '2017-03-07'),
(91, 10, 5, '2017-03-04'),
(111, 10, 7, '2017-03-17'),
(113, 8, 5, '2017-02-08'),
(114, 10, 5, '2017-02-21');

-- --------------------------------------------------------

--
-- Table structure for table `orders`
--

CREATE TABLE IF NOT EXISTS `orders` (
`ono` bigint(5) NOT NULL,
  `cno` bigint(5) DEFAULT NULL,
  `eno` bigint(4) DEFAULT NULL,
  `received` date DEFAULT NULL,
  `shipped` date DEFAULT NULL
) ENGINE=InnoDB AUTO_INCREMENT=120 DEFAULT CHARSET=latin1;

--
-- Dumping data for table `orders`
--

INSERT INTO `orders` (`ono`, `cno`, `eno`, `received`, `shipped`) VALUES
(89, 1, 2, NULL, NULL),
(90, 1, 2, NULL, NULL),
(91, 1, 2, NULL, NULL),
(92, 2, 2, NULL, NULL),
(93, 2, 2, NULL, NULL),
(94, 2, 2, NULL, NULL),
(95, 2, 2, NULL, NULL),
(96, 2, 2, NULL, NULL),
(97, 2, 2, NULL, NULL),
(98, 1, 2, NULL, NULL),
(99, 1, 2, NULL, NULL),
(100, 1, 2, NULL, NULL),
(101, 1, 2, NULL, NULL),
(102, 1, 2, NULL, NULL),
(103, 1, 2, NULL, NULL),
(104, 1, 2, NULL, NULL),
(105, 1, 2, NULL, NULL),
(106, 1, 2, NULL, NULL),
(107, 1, 2, NULL, NULL),
(108, 1, 2, NULL, NULL),
(109, 1, 2, NULL, NULL),
(110, 2, 2, NULL, NULL),
(111, 1, 2, NULL, NULL),
(112, 1, 2, NULL, NULL),
(113, 1, 2, NULL, NULL),
(114, 1, 2, NULL, NULL),
(115, 1, 2, NULL, NULL),
(116, 1, 2, NULL, NULL),
(117, 1, 2, NULL, NULL),
(118, 1, 2, NULL, NULL),
(119, 2, 2, NULL, NULL);

-- --------------------------------------------------------

--
-- Table structure for table `parts`
--

CREATE TABLE IF NOT EXISTS `parts` (
`pno` bigint(5) NOT NULL,
  `pname` varchar(30) DEFAULT NULL,
  `qoh` int(11) DEFAULT NULL,
  `price` decimal(6,2) DEFAULT NULL,
  `olevel` int(11) DEFAULT NULL,
  'description' varchar(1000) NOT NULL
) ENGINE=InnoDB AUTO_INCREMENT=13 DEFAULT CHARSET=latin1;

--
-- Dumping data for table `parts`
--

INSERT INTO `parts` (`pno`, `pname`, `qoh`, `price`, `olevel`, 'description') VALUES
(7, 'Strap-in Cuff Bracelet', 5, '143.00', 2, 'Black leather wrap with a golden encrypted hook.'),
(8, 'Gold Plated Art Watches', 2, '100.00', 2, 'Michael Kors Gold Plated Art Watches. Edition 2.0.
One size'),
(9, 'Marvels Heros Cufflinks', 2, '78.00', 2, 'Marvels Heros Cufflinks by Tiffany & Co.
Perfect size'),
(10, 'Parrot Shaped Rings', 1, '400.00', 1, 'Diamond crystals embedded in parrot 
shape ring. 

One size'),
(11, 'Choker and Ring Set', 2, '120.00', Copper and Velvet fabric Choker & Ring Set.

Small and Medium size),
(12, 'Engraved Pendants', 3, '143.00', 3, 'Silver Color Brushed Engraved Pendants.
One size'),
(13, 'Silver Anklet', 1, '13.00', 1, 'Silver Anklet with Rose design.

One size'),
(15, 'Arc Earrings', 2, '43.00', 2, 	
'Eddie Borgo Arc Earrings.

Fits all');

-- --------------------------------------------------------

--
-- Table structure for table `uploadfiles`
--

CREATE TABLE IF NOT EXISTS `uploadfiles` (
  `content` longblob NOT NULL,
  `name` varchar(50) NOT NULL,
`id` int(11) NOT NULL,
  `type` varchar(30) NOT NULL
) ENGINE=InnoDB AUTO_INCREMENT=21 DEFAULT CHARSET=latin1;

--
-- Dumping data for table `uploadfiles`
--

INSERT INTO `uploadfiles` (`content`, `name`, `id`, `type`) VALUES
(0x7768617420746f20676574206f7574206f66207468652073656d65737465723a0d0a67706120686967686572207468616e20332e360d0a2a206372656174652073747564792074696d65207461626c6520746f20726561642074657874626f6f6b20726567756c61726c790d0a2a2073746172742061737369676e6d656e7473206561726c79202d2074727920746f20737461727420746865206461792074686579206172652061737369676e65640d0a2a207365656b2068656c70206561726c790d0a0d0a537461727420612072656164696e672063756c747572650d0a2a2068617665206120626f6f6b20746f207265616420616c6c207468652074696d650d0a2a20726561642074686520626f6f6b20666f7220616e20686f75722065766572796461790d0a0d0a74727920746f20726576696577206f6c646572206d6174657269616c20616e64206761696e206e6577206b6e6f776c656467650d0a2a73697420696e2031206f722032206f7468657220636c617373657320736f6d6574696d65730d0a0d0a6170706c69636174696f6e7320666f72206a6f627320616e6420696e7465726e73686970730d0a0d0a6275696c64206f6e6520776562736974650d0a, '', 7, 'text/plain'),
(0x7768617420746f20676574206f7574206f66207468652073656d65737465723a0d0a67706120686967686572207468616e20332e360d0a2a206372656174652073747564792074696d65207461626c6520746f20726561642074657874626f6f6b20726567756c61726c790d0a2a2073746172742061737369676e6d656e7473206561726c79202d2074727920746f20737461727420746865206461792074686579206172652061737369676e65640d0a2a207365656b2068656c70206561726c790d0a0d0a537461727420612072656164696e672063756c747572650d0a2a2068617665206120626f6f6b20746f207265616420616c6c207468652074696d650d0a2a20726561642074686520626f6f6b20666f7220616e20686f75722065766572796461790d0a0d0a74727920746f20726576696577206f6c646572206d6174657269616c20616e64206761696e206e6577206b6e6f776c656467650d0a2a73697420696e2031206f722032206f7468657220636c617373657320736f6d6574696d65730d0a0d0a6170706c69636174696f6e7320666f72206a6f627320616e6420696e7465726e73686970730d0a0d0a6275696c64206f6e6520776562736974650d0a, '', 8, 'text/plain'),
('', 'semester_plan.txt', 9, 'text/plain'),
(0x73656d65737465725f706c616e2e747874, 'what to get out of the semester:\r\ngpa higher than ', 11, 'text/plain'),
(0x7768617420746f20676574206f7574206f66207468652073656d65737465723a0d0a67706120686967686572207468616e20332e360d0a2a206372656174652073747564792074696d65207461626c6520746f20726561642074657874626f6f6b20726567756c61726c790d0a2a2073746172742061737369676e6d656e7473206561726c79202d2074727920746f20737461727420746865206461792074686579206172652061737369676e65640d0a2a207365656b2068656c70206561726c790d0a0d0a537461727420612072656164696e672063756c747572650d0a2a2068617665206120626f6f6b20746f207265616420616c6c207468652074696d650d0a2a20726561642074686520626f6f6b20666f7220616e20686f75722065766572796461790d0a0d0a74727920746f20726576696577206f6c646572206d6174657269616c20616e64206761696e206e6577206b6e6f776c656467650d0a2a73697420696e2031206f722032206f7468657220636c617373657320736f6d6574696d65730d0a0d0a6170706c69636174696f6e7320666f72206a6f627320616e6420696e7465726e73686970730d0a0d0a6275696c64206f6e6520776562736974650d0a, 'semester_plan.txt', 12, 'text/plain'),
(0x7768617420746f20676574206f7574206f66207468652073656d65737465723a0d0a67706120686967686572207468616e20332e360d0a2a206372656174652073747564792074696d65207461626c6520746f20726561642074657874626f6f6b20726567756c61726c790d0a2a2073746172742061737369676e6d656e7473206561726c79202d2074727920746f20737461727420746865206461792074686579206172652061737369676e65640d0a2a207365656b2068656c70206561726c790d0a0d0a537461727420612072656164696e672063756c747572650d0a2a2068617665206120626f6f6b20746f207265616420616c6c207468652074696d650d0a2a20726561642074686520626f6f6b20666f7220616e20686f75722065766572796461790d0a0d0a74727920746f20726576696577206f6c646572206d6174657269616c20616e64206761696e206e6577206b6e6f776c656467650d0a2a73697420696e2031206f722032206f7468657220636c617373657320736f6d6574696d65730d0a0d0a6170706c69636174696f6e7320666f72206a6f627320616e6420696e7465726e73686970730d0a0d0a6275696c64206f6e6520776562736974650d0a, 'semester_plan.txt', 13, 'text/plain'),
(0xffd8ffe000104a46494600010100000100010000ffdb0084000906070d0f0f0d0d0d0f0f0c0c0c0c0d0e0d0d0c0c0f0f0d0d0d1411161616161414191c2826181d261b141423312d263537302e2e172034383f2c37282d2e2b010a0a0a0e0d0d170e0f142b1c141c2b2b2c2c2b2c372b2c2c2c2c2b2b2c2b2c372b2c2c2c2b2c2c372b2b2c2b2b2b372c2b2c2b2c2b2b2b2b2c2c2b2b2b2b2b2bffc000110800a8012c03012200021101031101ffc4001b00010100030101010000000000000000000002010306050407ffc4003e1000020202000306030407060701000000001101020304051221061331415161227181143291a10742435272b1c1234453627382163492b2c3f0f115ffc4001501010100000000000000000000000000000001ffc4001511010100000000000000000000000000000011ffda000c03010002110311003f00ed412c302812c30298258605304b0c0a04b0c0a0c961814c12c302812c302812c302812c302812c302812c30298258605025860502586050258605025860502586050258604b0c961814c325860530c961814c32586053313722d27e77daecfc6e3672e2c197346a67518630e0c73311348e6ac648af3565f379b03f44a67ad9f2da2dcb335b2989e5b4794fa497163f099d2dad2bc5ab39f4f34a578b5abde79f59f0bfe6747c2bf483b989576f1576a91e3970ac79be735fbb6fc82bf54619e6f05e2d8b6f0e3d8c336eef27328bd796d135b4d66263ca5c49e8308a6192c3029864b0c0a6192c3029864b0c0a6192c30298644d8e4bb4fdb7c5a792daf8f15f6766b159b562d14c54e6871cd7eb2d4b511f801d7cdc8a67ad9c45a266b2ad11313359f49f493f19e29da6e25b4e3267fb3e29fd96abc70bdeff007a7f1469e1da3c435ab3b5a719f5ebcb3cd92b474bd7d6d598568f7415fb7c58cb3c1ec965dcb6a63b6f4ccecda724db9a94a5b939a791d6b1111f0af7f53dc6114c325860530c961814c325860530c961810c3218605b0c861816c3218605b0c86181526bb5194c303e6d8d3a5eb34bd6b7a5bc6b7ac5ab3f38938ded076371f25f2ea45ab92b1cddc3e6a5fd62afac4fe5e5d0eed9aef5616b86fd19f10888d8d5b594d72573628998899ade15a2b1ed347fee3be8b9c671eec46b6c5ed9696b6be6b5a6eebf1539fd797a4c4bf493c98a71fe1ff72ff6fc157f0dde695f3e978fce200fd2d8670bc37f48baf69e4dcc59352f12a6ca72e289f798871f81d6e9711c19ebcf832d3353f7b1de2d11f35e011f6b0cd5ce662c06c6190c73016c335f398ef00dacc731cef16ed8f0fd675b668cb961ff0063affdae47e92ba57eb307319fb67c4b6e671f0ed5eee3ac77978ef7247bafbb4fab03f43d9d8a52b36bdab4a57ef5af68ad623de64fc974f532f12dccf7a74ae5cd7c97c930e31e16a8fd67962b111eded27af87b17b9b568c9c4f6af796fbbe6ef26bf28fbb4fa449d9f06e1187571f7586aaaf9ad36977bdbd6642be1e11d96d4c0ad14ef7247ed332b4c4fb47847d0f76b88d90658295845b2186116c3218605b0c861816c3218605b0c861810c335b0c0d8c335b0c0d8c335b0c0d8c335b0c0d8cf877f2ecd239f0531e7888eb86f69c77b7f064eb0fda63eb07d4cc481e5709ed260d8cb6d69ae5d7dba566d6d7d9c734bc56254cc4c38b4758f09f03d967cb6d7c737a64b52b3931f3725e6b1cd489852a7c99be240b922d40c7301e6f12e0badb11fdbe2a6494b9d2c91f2b475393ddec14d2d3974362f832754ef6a5be51929d7f23be64cc05afc7f7b87710d6bf7b9726d63c91d236233e4b478fefc4fe527a1a1db4e25854649c7b948ff0012bdde55ed7af4fc624fd32f8e24f0b89765b4f339e4ee6f3faf87e0ebef5f09fc00f8b4ff00489a7689efe99b5af10f9671f7b5b4fa56d5feb1079fbffa44cb671a7aca3cb26d5bff001d67fa9e0f1ee17f65cddcf3c6578e3244f2f2cc566d68530e7f74f7380764e99b1e2cf9b25a6b92b17ae3c71cbd27d6d3fd00e777b8aefed4f2e7d9c968bf48c383fb3a4bf2e5afdefab3efe1bd92dfcb4eee6f975b5ade38f2e6c91598ff004a27f9a3f43e1fc275f042c38eb8fca6d10ef3f3b4f593efad00e5b84f61f4b0a9bc4ec5a3f7fe1c6fda91fd59d3e0d7ad2b15a56b4ac7856958ad63e5106c832c1598a944730610cf9eb8eb6c97b45294acdaf6b4aad6b10e6664f1b478f5b6e5e962b4e07d76f66b38f0cffa74fbd93f28f73d5d8c54c95b63c958bd2f135b52d0eb6acf8c4c79c19ad6214444444428888511006da4ca872e7ce7d4a66b6181b1866b6181b1866b6181b1866b6181b1866b61810c335b32c0b6190c302d866b6181b1866b6181b1866b6181b1866b6181732739c737f8a6be69c9af831ee69f255e2ada6bb14b447598ff00e4fd0e8193300785c2bb67a39e7bbbde7573b538b6a3bb9e6f48b784ff003f63a28b9e4715e09abb50b6315724a5175cb923e568ea73bff0f710d3f8b866d4df147f75d9989aaf48f2fc3942bbae6312719addb69c568c5c4b5b269e4ff1295b5f15bdd78c47c99d4696fe1cf5ef3064a66a4feb63b45a23e6bc023e6e23c135762d17cd8a2f7ac44459dab6e58999533130e3acfe27ddab8298eb5c78eb14a52b15ad6b0a2b58f282b9873856d66398e778b76c3475dd67277f963f65aeaf689f796abf593c49e29c677bfe57157435edfb5c9d6f31fc531ff6c7d423b1e23c575f5abcfb196986be5cf6f8adfc35f1b7d0e5f63b6b973da7170bd5bec5bc3bdcb135c75f7e58eabf8a60cf0eec4e08b77bb79326ee69fbd6c96b72ccfbf573f59fa1d46bebd31d6298eb5c748f0ad2b15ac7d202a3824ecfd9f17db26b3b53cf397939796266f33110ba74af2c7d3ccfbd9aa0cb08d8c335b0c0d8c32198606c6190cc303630c866181b1866b6181b1866b66581ad866b6181b1866b6181b1866b6181b1866b6181b1989b10c4c81f0e9f1cc19325f5e6ddd6d63956d7caab93e75f2bc4c7571e527a3cc739da7ece63dd8addc63d8c7d2b9178d7d2575f1f09f2ebea73f8f8b714e1d314d9aced606a27259d97f932f9fcadd7e407e88c33c4e0dda4d4daf871df932f9e0cbf0658f947eb7d19ebf301b19324b0c0d5b5ab8f2d6699695c949f1adeb168fcce5f77b174adbbed0cd934b37972dedc93ecfc623e6fe475acc481f9af11d5e2f5cbcf972ecce4bd631464d799e4bd3aa88eee223ce7c61f53edd1eccf11cd8eb876767261d5af861b5e6d79accf84c44f58fe29e9e877884405791c27b33a7aca698a2f78fda6556b3f6f28fa41ed441861845c1966b6181b18e63466cf4a56d7bdab4a561dad7b456b58f5999f0392e2ddb9c7574d2a7da727877b775c113ede77fa28f703b1cb9eb4acdef68a52b0ed6b4c56b58f5999f03e4e1bc5716cf3ce099c98a96e5ef92c77bf9c5267ef2f39f0eb09f55c3e3e07c47885a326f64b5313714b472d6b1fe4c5ebef6fcceef4b5e9871d3162ac531e3ac56b58f2803eb619ad8606c619ad8606c619ad8606c619ad8606c619ad860430cd6c303630cd6c303630cd6c303630cd6c303630cd6c302e4d7971d6d135b445ab68535b444c4c7bc196181c971fec8e1b56f9b5e670df1d6d78ac39abac4cfc33e359fc8e8380712fb4eb61cffad6a2c911e596bd2df9c49f5da227a4f84f49f91f9f767f8dfd82d97065adf2619cbd6d8d4db1e4afc1699af9c4f2c787a79b03f47619f070ee278362bcf832572c478c567e2aff001567ac7d4fad81b1866b6181b1866b6181b1866b6181b1989b11cc783c57b57a982669169d8cd1d3bbc0aca7fcd6f08fe607cbda3c3f6edac5c3e2d15c7af8e76735a6bcdf1ccc56b0bd55a67fdc7adc2b81eb6b29c74778fda5fe2bfd3d3e8783d8abdf2e7ddd9c91f1e4eee67cd734da79627da2b58fa41d84481505335b0c0d8c335b0c0d8c335b0c0d8c335b0c0d8c335b0c0d8c335b0c086190c302d86430c0b6190c302d86430c0b6190c302d86430c0a9939dcdd95c77cd972db25b9325e6fddd6b11316b4b9f8a7c9bf23a066181e5d7b3ba75aaa62eeafe319b1ded5cf59f58c8dff434e4cfc4357adabffe96bc7eb6388a6e523af8d63a64f2f0527b6cc303e1e17c775767a61c91de43e6c57f8335578bacff0043d2678bc5f806b6d7c57af2668535cf8be1c9131e0e7cfea78f7cfc5343efae21ab5fd6b38c958f7b7598fabf981d930cf0387f6af4b2c4f364fb3de21cd361527e93e16fa1f0ee76bf9eddd6861b6ce49e917b56d5c6fd62be36fc80eaef922226d698ad621cccca888f793c2cfda7c76bce1d1c77dfcd1e338be1c14f7b659e8be47c187b3fb3b5319389e7b5eadc6ae29e5c71f35d3f9cfb9d26a6b62c358c78a95c748f0ad2143f5f7903cec7c333e6f8b7f2f3d67fba6bf363d68f6bcfdec9f5e9ec46c765b4ece6949c133fe14aaffd32e3f03da6181f0704e155d5a5eb169c9392fcd6b4c447928888f91e9b218605b0c861816c3218605b0c861816c3218605b0c861816c321860430c861816c3218605b0c861816c3218605b0c861816c3218605b0c861816c3218605b304b0c0f2388f66b573cf372f7566ed38e2222df4f089ffdea7a1a1a187057970d2291e73e36b7ce7ccdec3029996430c0b6190c302d86430c0b6190c302d86430c0b6190c302d86430c0b6190c302d86430c086192c3029864b0c0a6192c3029864b0c0a6192c3029864b0c0a6192c3029864b0c0a6192c3029864b0c0a6192c3029864b0c0a6192c3029864b0c0a6192c3029864b0c0a6192c3029864b0c0a6192c3025866401866580061866401861990061866401860c8030c33200c30cc8030c33200c30cc800cc33200c332c0030c33200330cc8030c33200c30cc800c3000c30cc8030c33200fffd9, 'images3.jpg', 14, 'image/jpeg'),
(0x7768617420746f20676574206f7574206f66207468652073656d65737465723a0d0a67706120686967686572207468616e20332e360d0a2a206372656174652073747564792074696d65207461626c6520746f20726561642074657874626f6f6b20726567756c61726c790d0a2a2073746172742061737369676e6d656e7473206561726c79202d2074727920746f20737461727420746865206461792074686579206172652061737369676e65640d0a2a207365656b2068656c70206561726c790d0a0d0a537461727420612072656164696e672063756c747572650d0a2a2068617665206120626f6f6b20746f207265616420616c6c207468652074696d650d0a2a20726561642074686520626f6f6b20666f7220616e20686f75722065766572796461790d0a0d0a74727920746f20726576696577206f6c646572206d6174657269616c20616e64206761696e206e6577206b6e6f776c656467650d0a2a73697420696e2031206f722032206f7468657220636c617373657320736f6d6574696d65730d0a0d0a6170706c69636174696f6e7320666f72206a6f627320616e6420696e7465726e73686970730d0a0d0a6275696c64206f6e6520776562736974650d0a, 'semester_plan.txt', 15, 'text/plain'),
(0x7768617420746f20676574206f7574206f66207468652073656d65737465723a0d0a67706120686967686572207468616e20332e360d0a2a206372656174652073747564792074696d65207461626c6520746f20726561642074657874626f6f6b20726567756c61726c790d0a2a2073746172742061737369676e6d656e7473206561726c79202d2074727920746f20737461727420746865206461792074686579206172652061737369676e65640d0a2a207365656b2068656c70206561726c790d0a0d0a537461727420612072656164696e672063756c747572650d0a2a2068617665206120626f6f6b20746f207265616420616c6c207468652074696d650d0a2a20726561642074686520626f6f6b20666f7220616e20686f75722065766572796461790d0a0d0a74727920746f20726576696577206f6c646572206d6174657269616c20616e64206761696e206e6577206b6e6f776c656467650d0a2a73697420696e2031206f722032206f7468657220636c617373657320736f6d6574696d65730d0a0d0a6170706c69636174696f6e7320666f72206a6f627320616e6420696e7465726e73686970730d0a0d0a6275696c64206f6e6520776562736974650d0a, 'semester_plan.txt', 16, 'text/plain'),
(0x7768617420746f20676574206f7574206f66207468652073656d65737465723a0d0a67706120686967686572207468616e20332e360d0a2a206372656174652073747564792074696d65207461626c6520746f20726561642074657874626f6f6b20726567756c61726c790d0a2a2073746172742061737369676e6d656e7473206561726c79202d2074727920746f20737461727420746865206461792074686579206172652061737369676e65640d0a2a207365656b2068656c70206561726c790d0a0d0a537461727420612072656164696e672063756c747572650d0a2a2068617665206120626f6f6b20746f207265616420616c6c207468652074696d650d0a2a20726561642074686520626f6f6b20666f7220616e20686f75722065766572796461790d0a0d0a74727920746f20726576696577206f6c646572206d6174657269616c20616e64206761696e206e6577206b6e6f776c656467650d0a2a73697420696e2031206f722032206f7468657220636c617373657320736f6d6574696d65730d0a0d0a6170706c69636174696f6e7320666f72206a6f627320616e6420696e7465726e73686970730d0a0d0a6275696c64206f6e6520776562736974650d0a, 'semester_plan.txt', 17, 'text/plain'),
(0x7768617420746f20676574206f7574206f66207468652073656d65737465723a0d0a67706120686967686572207468616e20332e360d0a2a206372656174652073747564792074696d65207461626c6520746f20726561642074657874626f6f6b20726567756c61726c790d0a2a2073746172742061737369676e6d656e7473206561726c79202d2074727920746f20737461727420746865206461792074686579206172652061737369676e65640d0a2a207365656b2068656c70206561726c790d0a0d0a537461727420612072656164696e672063756c747572650d0a2a2068617665206120626f6f6b20746f207265616420616c6c207468652074696d650d0a2a20726561642074686520626f6f6b20666f7220616e20686f75722065766572796461790d0a0d0a74727920746f20726576696577206f6c646572206d6174657269616c20616e64206761696e206e6577206b6e6f776c656467650d0a2a73697420696e2031206f722032206f7468657220636c617373657320736f6d6574696d65730d0a0d0a6170706c69636174696f6e7320666f72206a6f627320616e6420696e7465726e73686970730d0a0d0a6275696c64206f6e6520776562736974650d0a, 'semester_plan.txt', 18, 'text/plain'),
(0xffd8ffe000104a46494600010100000100010000ffdb0084000906070d0f0f0d0d0d0f0f0c0c0c0c0d0e0d0d0c0c0f0f0d0d0d1411161616161414191c2826181d261b141423312d263537302e2e172034383f2c37282d2e2b010a0a0a0e0d0d170e0f142b1c141c2b2b2c2c2b2c372b2c2c2c2c2b2b2c2b2c372b2c2c2c2b2c2c372b2b2c2b2b2b372c2b2c2b2c2b2b2b2b2c2c2b2b2b2b2b2bffc000110800a8012c03012200021101031101ffc4001b00010100030101010000000000000000000002010306050407ffc4003e1000020202000306030407060701000000001101020304051221061331415161227181143291a10742435272b1c1234453627382163492b2c3f0f115ffc4001501010100000000000000000000000000000001ffc4001511010100000000000000000000000000000011ffda000c03010002110311003f00ed412c302812c30298258605304b0c0a04b0c0a0c961814c12c302812c302812c302812c302812c302812c30298258605025860502586050258605025860502586050258604b0c961814c325860530c961814c32586053313722d27e77daecfc6e3672e2c197346a67518630e0c73311348e6ac648af3565f379b03f44a67ad9f2da2dcb335b2989e5b4794fa497163f099d2dad2bc5ab39f4f34a578b5abde79f59f0bfe6747c2bf483b989576f1576a91e3970ac79be735fbb6fc82bf54619e6f05e2d8b6f0e3d8c336eef27328bd796d135b4d66263ca5c49e8308a6192c3029864b0c0a6192c3029864b0c0a6192c30298644d8e4bb4fdb7c5a792daf8f15f6766b159b562d14c54e6871cd7eb2d4b511f801d7cdc8a67ad9c45a266b2ad11313359f49f493f19e29da6e25b4e3267fb3e29fd96abc70bdeff007a7f1469e1da3c435ab3b5a719f5ebcb3cd92b474bd7d6d598568f7415fb7c58cb3c1ec965dcb6a63b6f4ccecda724db9a94a5b939a791d6b1111f0af7f53dc6114c325860530c961814c325860530c961810c3218605b0c861816c3218605b0c86181526bb5194c303e6d8d3a5eb34bd6b7a5bc6b7ac5ab3f38938ded076371f25f2ea45ab92b1cddc3e6a5fd62afac4fe5e5d0eed9aef5616b86fd19f10888d8d5b594d72573628998899ade15a2b1ed347fee3be8b9c671eec46b6c5ed9696b6be6b5a6eebf1539fd797a4c4bf493c98a71fe1ff72ff6fc157f0dde695f3e978fce200fd2d8670bc37f48baf69e4dcc59352f12a6ca72e289f798871f81d6e9711c19ebcf832d3353f7b1de2d11f35e011f6b0cd5ce662c06c6190c73016c335f398ef00dacc731cef16ed8f0fd675b668cb961ff0063affdae47e92ba57eb307319fb67c4b6e671f0ed5eee3ac77978ef7247bafbb4fab03f43d9d8a52b36bdab4a57ef5af68ad623de64fc974f532f12dccf7a74ae5cd7c97c930e31e16a8fd67962b111eded27af87b17b9b568c9c4f6af796fbbe6ef26bf28fbb4fa449d9f06e1187571f7586aaaf9ad36977bdbd6642be1e11d96d4c0ad14ef7247ed332b4c4fb47847d0f76b88d90658295845b2186116c3218605b0c861816c3218605b0c861810c335b0c0d8c335b0c0d8c335b0c0d8c335b0c0d8cf877f2ecd239f0531e7888eb86f69c77b7f064eb0fda63eb07d4cc481e5709ed260d8cb6d69ae5d7dba566d6d7d9c734bc56254cc4c38b4758f09f03d967cb6d7c737a64b52b3931f3725e6b1cd489852a7c99be240b922d40c7301e6f12e0badb11fdbe2a6494b9d2c91f2b475393ddec14d2d3974362f832754ef6a5be51929d7f23be64cc05afc7f7b87710d6bf7b9726d63c91d236233e4b478fefc4fe527a1a1db4e25854649c7b948ff0012bdde55ed7af4fc624fd32f8e24f0b89765b4f339e4ee6f3faf87e0ebef5f09fc00f8b4ff00489a7689efe99b5af10f9671f7b5b4fa56d5feb1079fbffa44cb671a7aca3cb26d5bff001d67fa9e0f1ee17f65cddcf3c6578e3244f2f2cc566d68530e7f74f7380764e99b1e2cf9b25a6b92b17ae3c71cbd27d6d3fd00e777b8aefed4f2e7d9c968bf48c383fb3a4bf2e5afdefab3efe1bd92dfcb4eee6f975b5ade38f2e6c91598ff004a27f9a3f43e1fc275f042c38eb8fca6d10ef3f3b4f593efad00e5b84f61f4b0a9bc4ec5a3f7fe1c6fda91fd59d3e0d7ad2b15a56b4ac7856958ad63e5106c832c1598a944730610cf9eb8eb6c97b45294acdaf6b4aad6b10e6664f1b478f5b6e5e962b4e07d76f66b38f0cffa74fbd93f28f73d5d8c54c95b63c958bd2f135b52d0eb6acf8c4c79c19ad6214444444428888511006da4ca872e7ce7d4a66b6181b1866b6181b1866b6181b1866b6181b1866b61810c335b32c0b6190c302d866b6181b1866b6181b1866b6181b1866b6181732739c737f8a6be69c9af831ee69f255e2ada6bb14b447598ff00e4fd0e8193300785c2bb67a39e7bbbde7573b538b6a3bb9e6f48b784ff003f63a28b9e4715e09abb50b6315724a5175cb923e568ea73bff0f710d3f8b866d4df147f75d9989aaf48f2fc3942bbae6312719addb69c568c5c4b5b269e4ff1295b5f15bdd78c47c99d4696fe1cf5ef3064a66a4feb63b45a23e6bc023e6e23c135762d17cd8a2f7ac44459dab6e58999533130e3acfe27ddab8298eb5c78eb14a52b15ad6b0a2b58f282b9873856d66398e778b76c3475dd67277f963f65aeaf689f796abf593c49e29c677bfe57157435edfb5c9d6f31fc531ff6c7d423b1e23c575f5abcfb196986be5cf6f8adfc35f1b7d0e5f63b6b973da7170bd5bec5bc3bdcb135c75f7e58eabf8a60cf0eec4e08b77bb79326ee69fbd6c96b72ccfbf573f59fa1d46bebd31d6298eb5c748f0ad2b15ac7d202a3824ecfd9f17db26b3b53cf397939796266f33110ba74af2c7d3ccfbd9aa0cb08d8c335b0c0d8c32198606c6190cc303630c866181b1866b6181b1866b66581ad866b6181b1866b6181b1866b6181b1866b6181b1989b10c4c81f0e9f1cc19325f5e6ddd6d63956d7caab93e75f2bc4c7571e527a3cc739da7ece63dd8addc63d8c7d2b9178d7d2575f1f09f2ebea73f8f8b714e1d314d9aced606a27259d97f932f9fcadd7e407e88c33c4e0dda4d4daf871df932f9e0cbf0658f947eb7d19ebf301b19324b0c0d5b5ab8f2d6699695c949f1adeb168fcce5f77b174adbbed0cd934b37972dedc93ecfc623e6fe475acc481f9af11d5e2f5cbcf972ecce4bd631464d799e4bd3aa88eee223ce7c61f53edd1eccf11cd8eb876767261d5af861b5e6d79accf84c44f58fe29e9e877884405791c27b33a7aca698a2f78fda6556b3f6f28fa41ed441861845c1966b6181b18e63466cf4a56d7bdab4a561dad7b456b58f5999f0392e2ddb9c7574d2a7da727877b775c113ede77fa28f703b1cb9eb4acdef68a52b0ed6b4c56b58f5999f03e4e1bc5716cf3ce099c98a96e5ef92c77bf9c5267ef2f39f0eb09f55c3e3e07c47885a326f64b5313714b472d6b1fe4c5ebef6fcceef4b5e9871d3162ac531e3ac56b58f2803eb619ad8606c619ad8606c619ad8606c619ad8606c619ad860430cd6c303630cd6c303630cd6c303630cd6c303630cd6c302e4d7971d6d135b445ab68535b444c4c7bc196181c971fec8e1b56f9b5e670df1d6d78ac39abac4cfc33e359fc8e8380712fb4eb61cffad6a2c911e596bd2df9c49f5da227a4f84f49f91f9f767f8dfd82d97065adf2619cbd6d8d4db1e4afc1699af9c4f2c787a79b03f47619f070ee278362bcf832572c478c567e2aff001567ac7d4fad81b1866b6181b1866b6181b1866b6181b1989b11cc783c57b57a982669169d8cd1d3bbc0aca7fcd6f08fe607cbda3c3f6edac5c3e2d15c7af8e76735a6bcdf1ccc56b0bd55a67fdc7adc2b81eb6b29c74778fda5fe2bfd3d3e8783d8abdf2e7ddd9c91f1e4eee67cd734da79627da2b58fa41d84481505335b0c0d8c335b0c0d8c335b0c0d8c335b0c0d8c335b0c0d8c335b0c086190c302d86430c0b6190c302d86430c0b6190c302d86430c0a9939dcdd95c77cd972db25b9325e6fddd6b11316b4b9f8a7c9bf23a066181e5d7b3ba75aaa62eeafe319b1ded5cf59f58c8dff434e4cfc4357adabffe96bc7eb6388a6e523af8d63a64f2f0527b6cc303e1e17c775767a61c91de43e6c57f8335578bacff0043d2678bc5f806b6d7c57af2668535cf8be1c9131e0e7cfea78f7cfc5343efae21ab5fd6b38c958f7b7598fabf981d930cf0387f6af4b2c4f364fb3de21cd361527e93e16fa1f0ee76bf9eddd6861b6ce49e917b56d5c6fd62be36fc80eaef922226d698ad621cccca888f793c2cfda7c76bce1d1c77dfcd1e338be1c14f7b659e8be47c187b3fb3b5319389e7b5eadc6ae29e5c71f35d3f9cfb9d26a6b62c358c78a95c748f0ad2143f5f7903cec7c333e6f8b7f2f3d67fba6bf363d68f6bcfdec9f5e9ec46c765b4ece6949c133fe14aaffd32e3f03da6181f0704e155d5a5eb169c9392fcd6b4c447928888f91e9b218605b0c861816c3218605b0c861816c3218605b0c861816c321860430c861816c3218605b0c861816c3218605b0c861816c3218605b0c861816c3218605b304b0c0f2388f66b573cf372f7566ed38e2222df4f089ffdea7a1a1a187057970d2291e73e36b7ce7ccdec3029996430c0b6190c302d86430c0b6190c302d86430c0b6190c302d86430c0b6190c302d86430c086192c3029864b0c0a6192c3029864b0c0a6192c3029864b0c0a6192c3029864b0c0a6192c3029864b0c0a6192c3029864b0c0a6192c3029864b0c0a6192c3029864b0c0a6192c3029864b0c0a6192c3025866401866580061866401861990061866401860c8030c33200c30cc8030c33200c30cc800cc33200c332c0030c33200330cc8030c33200c30cc800c3000c30cc8030c33200fffd9, 'images3.jpg', 19, 'image/jpeg'),
(0x7768617420746f20676574206f7574206f66207468652073656d65737465723a0d0a67706120686967686572207468616e20332e360d0a2a206372656174652073747564792074696d65207461626c6520746f20726561642074657874626f6f6b20726567756c61726c790d0a2a2073746172742061737369676e6d656e7473206561726c79202d2074727920746f20737461727420746865206461792074686579206172652061737369676e65640d0a2a207365656b2068656c70206561726c790d0a0d0a537461727420612072656164696e672063756c747572650d0a2a2068617665206120626f6f6b20746f207265616420616c6c207468652074696d650d0a2a20726561642074686520626f6f6b20666f7220616e20686f75722065766572796461790d0a0d0a74727920746f20726576696577206f6c646572206d6174657269616c20616e64206761696e206e6577206b6e6f776c656467650d0a2a73697420696e2031206f722032206f7468657220636c617373657320736f6d6574696d65730d0a0d0a6170706c69636174696f6e7320666f72206a6f627320616e6420696e7465726e73686970730d0a0d0a6275696c64206f6e6520776562736974650d0a, 'semester_plan.txt', 20, 'text/plain');

-- --------------------------------------------------------

--
-- Table structure for table `zipcodes`
--

CREATE TABLE IF NOT EXISTS `zipcodes` (
  `zip` decimal(5,0) NOT NULL,
  `city` varchar(30) NOT NULL
) ENGINE=InnoDB DEFAULT CHARSET=latin1;

--
-- Dumping data for table `zipcodes`
--

INSERT INTO `zipcodes` (`zip`, `city`) VALUES
('12345', 'keta');

--
-- Indexes for dumped tables
--

--
-- Indexes for table `customers`
--
ALTER TABLE `customers`
 ADD PRIMARY KEY (`cno`);

--
-- Indexes for table `employees`
--
ALTER TABLE `employees`
 ADD PRIMARY KEY (`eno`), ADD KEY `zip` (`zip`), ADD KEY `type` (`type`);

--
-- Indexes for table `employee type`
--
ALTER TABLE `employee type`
 ADD PRIMARY KEY (`tno`);

--
-- Indexes for table `odetails`
--
ALTER TABLE `odetails`
 ADD PRIMARY KEY (`ono`,`pno`), ADD KEY `pno` (`pno`);

--
-- Indexes for table `orders`
--
ALTER TABLE `orders`
 ADD PRIMARY KEY (`ono`), ADD KEY `cno` (`cno`), ADD KEY `eno` (`eno`);

--
-- Indexes for table `parts`
--
ALTER TABLE `parts`
 ADD PRIMARY KEY (`pno`);

--
-- Indexes for table `uploadfiles`
--
ALTER TABLE `uploadfiles`
 ADD PRIMARY KEY (`id`);

--
-- Indexes for table `zipcodes`
--
ALTER TABLE `zipcodes`
 ADD PRIMARY KEY (`zip`);

--
-- AUTO_INCREMENT for dumped tables
--

--
-- AUTO_INCREMENT for table `customers`
--
ALTER TABLE `customers`
MODIFY `cno` bigint(5) NOT NULL AUTO_INCREMENT,AUTO_INCREMENT=3;
--
-- AUTO_INCREMENT for table `employees`
--
ALTER TABLE `employees`
MODIFY `eno` bigint(4) NOT NULL AUTO_INCREMENT,AUTO_INCREMENT=4;
--
-- AUTO_INCREMENT for table `employee type`
--
ALTER TABLE `employee type`
MODIFY `tno` int(11) NOT NULL AUTO_INCREMENT,AUTO_INCREMENT=3;
--
-- AUTO_INCREMENT for table `orders`
--
ALTER TABLE `orders`
MODIFY `ono` bigint(5) NOT NULL AUTO_INCREMENT,AUTO_INCREMENT=120;
--
-- AUTO_INCREMENT for table `parts`
--
ALTER TABLE `parts`
MODIFY `pno` bigint(5) NOT NULL AUTO_INCREMENT,AUTO_INCREMENT=13;
--
-- AUTO_INCREMENT for table `uploadfiles`
--
ALTER TABLE `uploadfiles`
MODIFY `id` int(11) NOT NULL AUTO_INCREMENT,AUTO_INCREMENT=21;
--
-- Constraints for dumped tables
--

--
-- Constraints for table `employees`
--
ALTER TABLE `employees`
ADD CONSTRAINT `employees_ibfk_1` FOREIGN KEY (`zip`) REFERENCES `zipcodes` (`zip`),
ADD CONSTRAINT `employees_ibfk_2` FOREIGN KEY (`type`) REFERENCES `employee type` (`tno`);

--
-- Constraints for table `odetails`
--
ALTER TABLE `odetails`
ADD CONSTRAINT `odetails_ibfk_1` FOREIGN KEY (`ono`) REFERENCES `orders` (`ono`),
ADD CONSTRAINT `odetails_ibfk_2` FOREIGN KEY (`pno`) REFERENCES `parts` (`pno`);

--
-- Constraints for table `orders`
--
ALTER TABLE `orders`
ADD CONSTRAINT `orders_ibfk_1` FOREIGN KEY (`cno`) REFERENCES `customers` (`cno`),
ADD CONSTRAINT `orders_ibfk_2` FOREIGN KEY (`eno`) REFERENCES `employees` (`eno`);

/*!40101 SET CHARACTER_SET_CLIENT=@OLD_CHARACTER_SET_CLIENT */;
/*!40101 SET CHARACTER_SET_RESULTS=@OLD_CHARACTER_SET_RESULTS */;
/*!40101 SET COLLATION_CONNECTION=@OLD_COLLATION_CONNECTION */;
